Horodateur,Nom,Prénom,N° étudiant,E-mail,Genre,Nom du compte GitHUB ,Url GitHUB du projet ,Vos compétences [C],Vos compétences [Java],Vos compétences [J2EE],Vos compétences [Anglais],Vos compétences [SQL],Vos compétences [Web Design],Vos compétences [Javascript],Vos compétences [HTML],Vos compétences [CSS],Vos compétences [PHP],Vos compétences [AJAX],Vos compétences [Responsive],Vos compétences [UML],Vos compétences [JOOMLA],Vos compétences [Wordpress],Vos compétences [Drupal],Vos compétences [SPIP],Autres compétences,Adresse e-mail
11/01/2017 14:03:39,Metaut,Benjamin,16703985,benjamin.metaut@gmail.com,Homme,Happeal,https://github.com/Happeal/Semestre-2-OCI,j'men sors,fort,,pas très bon,pas très bon,boffff,boffff,fort,j'men sors,j'men sors,connais pas,boffff,pas très bon,boffff,boffff,connais pas,connais pas,Unity3D/2D;,benjamin.metaut@gmail.com
11/01/2017 14:07:16,Drhouj,Younss,16709556,younss.drhouj@gmail.com,Homme,drhouj,https://github.com/drhouj/projet-oci,j'men sors,fort,connais pas,trop fort,j'men sors,j'men sors,connais pas,fort,fort,fort,connais pas,connais pas,trop fort,connais pas,connais pas,connais pas,connais pas,"Linux,Merise",younss.drhouj@gmail.com
11/01/2017 14:07:15,Thomaseau,Jean-Eudes,16708132,mehdi.thomaeau1@gmail.com,Homme,JeanEudesT,https://github.com/JeanEudesT/projet_semestre2_OCI,j'men sors,j'men sors,connais pas,boffff,pas très bon,pas très bon,pas très bon,j'men sors,j'men sors,j'men sors,connais pas,connais pas,pas très bon,connais pas,boffff,connais pas,connais pas,,mehdi.thomaeau1@gmail.com
11/01/2017 14:08:25,Meziani,Chanez,16709960,chanez_mez@hotmail.com,Femme,chanez,https://github.com/chanez/projetS2,j'men sors,pas très bon,connais pas,j'men sors,j'men sors,j'men sors,j'men sors,j'men sors,j'men sors,j'men sors,connais pas,connais pas,boffff,connais pas,boffff,connais pas,connais pas,,chanez_mez@hotmail.com
11/01/2017 14:10:22,JELLOUL,Mohamed,16707838,jelloulmohamed11@gmail.com,Homme,Mojelloul,https://github.com/Mojelloul/oci.git,trop fort,j'men sors,,j'men sors,trop fort,j'men sors,fort,trop fort,trop fort,boffff,pas très bon,boffff,fort,connais pas,fort,connais pas,connais pas,,jelloulmphamed11@gmail.com